rsid,gene,genotype,drug,phenotype_category,annotation_id,evidence_level,conclusion
rs55886062,DPYD,A/A,fluorouracil,toxicity,1183630664,1A,"The C allele of this variant is assigned a no function allele by CPIC. Patients with the AA genotype and cancer who are treated with fluorouracil, a fluoropyrimidine-based chemotherapy, may have decreased, but not absent, risk of drug toxicity as compared to patients with the AC or CC genotype. However, conflicting evidence has been reported. Other genetic and clinical factors may also influence risk of drug toxicity."
rs55886062,DPYD,A/C,fluorouracil,toxicity,1183630664,1A,"The C allele of this variant is assigned a no function allele by CPIC. Patients with the AC genotype and cancer who are treated with fluorouracil, a fluoropyrimidine-based chemotherapy, may have increased risk of drug toxicity as compared to patients with the AA genotype. However, conflicting evidence has been reported. Other genetic and clinical factors may also influence risk of drug toxicity."
rs55886062,DPYD,C/C,fluorouracil,toxicity,1183630664,1A,"The C allele of this variant is assigned a no function allele by CPIC. Patients with the CC genotype and cancer who are treated with fluorouracil, a fluoropyrimidine-based chemotherapy, may have increased risk of drug toxicity as compared to patients with the AA genotype. However, conflicting evidence has been reported. Other genetic and clinical factors may also influence risk of drug toxicity."
rs3918290,DPYD,C/C,fluorouracil,efficacy,1448640301,4,"The current evidence base suggests that there is no association between the rs3918290 CC genotype and response to fluorouracil. However, conflicting evidence has been reported. Other genetic and clinical factors may also influence response to fluorouracil."
rs3918290,DPYD,C/T,fluorouracil,efficacy,1448640301,4,"The current evidence base suggests that there is no association between the rs3918290 CT genotype and response to fluorouracil. However, conflicting evidence has been reported. Other genetic and clinical factors may also influence response to fluorouracil."
rs3918290,DPYD,T/T,fluorouracil,efficacy,1448640301,4,"There is currently no available evidence regarding the association between the rs3918290 TT genotype and response to fluorouracil. However, the current evidence base suggests that there is no association between the CC or CT genotypes and response to fluorouracil. Other genetic and clinical factors may also influence response to fluorouracil."
rs67376798,DPYD,A/A,fluorouracil,other,1451274045,1A,"The A allele of this variant, when measured on plus chromosomal strand, is assigned decreased function by CPIC. Patients with the AA genotype may have decreased activity of DPYD as compared to patients with the TT genotype. However, conflicting evidence has been reported. Other genetic and clinical factors may also influence catalytic activity of DPYD."
rs67376798,DPYD,A/T,fluorouracil,other,1451274045,1A,"The A allele of this variant, when measured on plus chromosomal strand, is assigned decreased function by CPIC. Patients with the AT genotype may have decreased activity of DPYD as compared to patients with the TT genotype. However, conflicting evidence has been reported. Other genetic and clinical factors may also influence catalytic activity of DPYD."
rs67376798,DPYD,T/T,fluorouracil,other,1451274045,1A,"The A allele of this variant, when measured on plus chromosomal strand, is assigned decreased function by CPIC. Patients with the TT genotype may have increased activity of DPYD as compared to patients with the AT or AA genotype. However, conflicting evidence has been reported. Other genetic and clinical factors may also influence catalytic activity of DPYD."
rs67376798,DPYD,A/A,capecitabine,toxicity,1451274090,1A,"The A allele of rs67376798, when measured on plus chromosomal strand, is assigned decreased function by CPIC. Patients with the AA genotype and cancer who are treated with capecitabine, a fluoropyrimidine-based chemotherapy, may have increased risk and increased severity of drug toxicity as compared to patients with the TT genotype. However, conflicting evidence has been reported. Other genetic and clinical factors may also influence risk of drug toxicity."
rs67376798,DPYD,A/T,capecitabine,toxicity,1451274090,1A,"The A allele of rs67376798, when measured on plus chromosomal strand, is assigned decreased function by CPIC. Patients with the AT genotype and cancer who are treated with capecitabine, a fluoropyrimidine-based chemotherapy, may have increased risk and increased severity of drug toxicity as compared to patients with the TT genotype. However, conflicting evidence has been reported. Other genetic and clinical factors may also influence risk of drug toxicity."
rs67376798,DPYD,T/T,capecitabine,toxicity,1451274090,1A,"The A allele of rs67376798, when measured on plus chromosomal strand, is assigned decreased function by CPIC. Patients with the TT genotype and cancer who are treated with capecitabine, a fluoropyrimidine-based chemotherapy, may have decreased, but not absent, risk and reduced severity of drug toxicity as compared to patients with the AA or AT genotype. However, conflicting evidence has been reported. Other genetic and clinical factors may also influence risk of drug toxicity."
rs3918290,DPYD,C/C,capecitabine,toxicity,1451274984,1A,"The T allele of rs3918290 is assigned no function by CPIC. Patients with the CC genotype and cancer who are treated with capecitabine, a fluoropyrimidine-based chemotherapy, may have decreased, but not absent, risk and reduced severity of drug toxicity as compared to patients with the TT or CT genotype. However, conflicting evidence has been reported. Other genetic and clinical factors may also influence risk of drug toxicity."
rs3918290,DPYD,C/T,capecitabine,toxicity,1451274984,1A,"The T allele of rs3918290 is assigned no function by CPIC. Patients with the CT genotype and cancer who are treated with capecitabine, a fluoropyrimidine-based chemotherapy, may have increased risk and increased severity of drug toxicity as compared to patients with the CC genotype. However, conflicting evidence has been reported. Other genetic and clinical factors may also influence risk of drug toxicity."
rs3918290,DPYD,T/T,capecitabine,toxicity,1451274984,1A,"The T allele of rs3918290 is assigned no function by CPIC. Patients with the TT genotype and cancer who are treated with capecitabine, a fluoropyrimidine-based chemotherapy, may have increased risk and increased severity of drug toxicity as compared to patients with the CC genotype. However, conflicting evidence has been reported. Other genetic and clinical factors may also influence risk of drug toxicity."
rs3918290,DPYD,C/C,fluorouracil,other,1451275020,1A,"The T allele of rs3918290 is assigned no function by CPIC. Patients with the CC genotype may have increased activity of DPYD as compared to patients with the CT or TT genotype. However, conflicting evidence has been reported. Other genetic and clinical factors may also influence catalytic activity of DPYD."
rs3918290,DPYD,C/T,fluorouracil,other,1451275020,1A,"The T allele of rs3918290 is assigned no function by CPIC. Patients with the CT genotype may have decreased activity of DPYD as compared to patients with the CC genotype. However, conflicting evidence has been reported. Other genetic and clinical factors may also influence catalytic activity of DPYD."
rs3918290,DPYD,T/T,fluorouracil,other,1451275020,1A,"The T allele of rs3918290 is assigned no function by CPIC. Patients with the TT genotype may have decreased activity of DPYD as compared to patients with the CC genotype. However, conflicting evidence has been reported. Other genetic and clinical factors may also influence catalytic activity of DPYD."
rs55886062,DPYD,A/A,fluorouracil,other,1451275220,1A,"The C allele of rs55886062 is assigned a no function allele by CPIC. Patients with the AA genotype may have increased DPYD activity as compared to patients with the AC or CC genotype. However, conflicting evidence has been reported. Other genetic and clinical factors may also influence catalytic activity of DPYD."
rs55886062,DPYD,A/C,fluorouracil,other,1451275220,1A,"The C allele of rs55886062 is assigned a no function allele by CPIC. Patients with the AC genotype may have decreased DPYD activity as compared to patients with the AA genotype. However, conflicting evidence has been reported. Other genetic and clinical factors may also influence catalytic activity of DPYD."
rs55886062,DPYD,C/C,fluorouracil,other,1451275220,1A,"The C allele of rs55886062 is assigned a no function allele by CPIC. Patients with the CC genotype may have decreased DPYD activity as compared to patients with the AA genotype. However, conflicting evidence has been reported. Other genetic and clinical factors may also influence catalytic activity of DPYD."
rs55886062,DPYD,A/A,capecitabine,toxicity,1451276160,1A,"The C allele of rs55886062 is assigned a no function allele by CPIC. Patients with the AA genotype and cancer who are treated with capecitabine, a fluoropyrimidine-based chemotherapy, may have decreased, but not absent, risk of drug toxicity as compared to patients with the AC or CC genotype. However, conflicting evidence has been reported. Other genetic and clinical factors may also influence risk of drug toxicity."
rs55886062,DPYD,A/C,capecitabine,toxicity,1451276160,1A,"The C allele of rs55886062 is assigned a no function allele by CPIC. Patients with the AC genotype and cancer who are treated with capecitabine, a fluoropyrimidine-based chemotherapy, may have increased risk of drug toxicity as compared to patients with the AA genotype. However, conflicting evidence has been reported. Other genetic and clinical factors may also influence risk of drug toxicity."
rs55886062,DPYD,C/C,capecitabine,toxicity,1451276160,1A,"The C allele of rs55886062 is assigned a no function allele by CPIC. Patients with the CC genotype and cancer who are treated with capecitabine, a fluoropyrimidine-based chemotherapy, may have increased risk of drug toxicity as compared to patients with the AA genotype. However, conflicting evidence has been reported. Other genetic and clinical factors may also influence risk of drug toxicity."
rs3918290,DPYD,C/C,fluorouracil,toxicity,827843617,1A,"The T allele of rs3918290 is assigned no function by CPIC. Patients with the CC genotype and cancer who are treated with fluorouracil, a fluoropyrimidine-based chemotherapy, may have decreased, but not absent, risk and reduced severity of drug toxicity as compared to patients with the TT or CT genotype. However, conflicting evidence has been reported. Other genetic and clinical factors may also influence risk of drug toxicity."
rs3918290,DPYD,C/T,fluorouracil,toxicity,827843617,1A,"The T allele of rs3918290 is assigned no function by CPIC. Patients with the CT genotype and cancer who are treated with fluorouracil, a fluoropyrimidine-based chemotherapy, may have increased risk and increased severity of drug toxicity as compared to patients with the CC genotype. However, conflicting evidence has been reported. Other genetic and clinical factors may also influence risk of drug toxicity."
rs3918290,DPYD,T/T,fluorouracil,toxicity,827843617,1A,"The T allele of rs3918290 is assigned no function by CPIC. Patients with the TT genotype and cancer who are treated with fluorouracil, a fluoropyrimidine-based chemotherapy, may have increased risk and increased severity of drug toxicity as compared to patients with the CC genotype. However, conflicting evidence has been reported. Other genetic and clinical factors may also influence risk of drug toxicity."
rs67376798,DPYD,A/A,fluorouracil,toxicity,981203618,1A,"The A allele of this variant, when measured on plus chromosomal strand, is assigned decreased function by CPIC. Patients with the AA genotype and cancer who are treated with fluorouracil, a fluoropyrimidine-based chemotherapy, may have increased risk and increased severity of drug toxicity as compared to patients with the TT genotype. However, conflicting evidence has been reported. Other genetic and clinical factors may also influence risk of drug toxicity."
rs67376798,DPYD,A/T,fluorouracil,toxicity,981203618,1A,"The A allele of this variant, when measured on plus chromosomal strand, is assigned decreased function by CPIC. Patients with the AT genotype and cancer who are treated with fluorouracil, a fluoropyrimidine-based chemotherapy, may have increased risk and increased severity of drug toxicity as compared to patients with the TT genotype. However, conflicting evidence has been reported. Other genetic and clinical factors may also influence risk of drug toxicity."
rs67376798,DPYD,T/T,fluorouracil,toxicity,981203618,1A,"The A allele of this variant, when measured on plus chromosomal strand, is assigned decreased function by CPIC. Patients with the TT genotype and cancer who are treated with fluorouracil, a fluoropyrimidine-based chemotherapy, may have decreased, but not absent, risk and reduced severity of drug toxicity as compared to patients with the AA or AT genotypes. However, conflicting evidence has been reported. Other genetic and clinical factors may also influence risk of drug toxicity."
