rsid,chrom,start,ref,alts,genotype,weight,state,conclusion,negatives,priority,gene,phenotype,category,clinvar,pathogenic,benign,curator,method,direction,stat_significance,effect_size,effect_measure,effect_allele,flags,trait_efo_id,clin_sig,requires_callable,acmg_sf,actionability,callable_from,quality_from,min_quality
rs1778159,,,,,A/T,,alt,"PDE4DIP: observed in all 21 long-lived individuals (3 centenarians and 18 supercentenarians aged 110+) and predicted deleterious by SIFT. The cohort had no control group, so this records co-occurrence with exceptional longevity, not an association with it; neither direction nor effect size is reported.",,,PDE4DIP,Exceptional longevity (centenarian/supercentenarian cohort),deleterious-coding,,,,,,unknown,unknown,,,,,OBA:VT0005372,,,,,,,
rs235468,,,,,C/G,,alt,"PRRC2C: observed in all 21 long-lived individuals (3 centenarians and 18 supercentenarians aged 110+) and predicted deleterious by SIFT. The cohort had no control group, so this records co-occurrence with exceptional longevity, not an association with it; neither direction nor effect size is reported.",,,PRRC2C,Exceptional longevity (centenarian/supercentenarian cohort),deleterious-coding,,,,,,unknown,unknown,,,,,OBA:VT0005372,,,,,,,
rs2762745,,,,,A/G,,alt,"PDE4DIP: observed in all 21 long-lived individuals (3 centenarians and 18 supercentenarians aged 110+) and predicted deleterious by SIFT. The cohort had no control group, so this records co-occurrence with exceptional longevity, not an association with it; neither direction nor effect size is reported.",,,PDE4DIP,Exceptional longevity (centenarian/supercentenarian cohort),deleterious-coding,,,,,,unknown,unknown,,,,,OBA:VT0005372,,,,,,,
rs4925583,,,,,A/G,,alt,"OR2L8: observed in all 21 long-lived individuals (3 centenarians and 18 supercentenarians aged 110+) and predicted deleterious by SIFT. The cohort had no control group, so this records co-occurrence with exceptional longevity, not an association with it; neither direction nor effect size is reported.",,,OR2L8,Exceptional longevity (centenarian/supercentenarian cohort),deleterious-coding,,,,,,unknown,unknown,,,,,OBA:VT0005372,,,,,,,
rs61834268,,,,,A/T,,alt,"OR2T35: observed in all 21 long-lived individuals (3 centenarians and 18 supercentenarians aged 110+) and predicted deleterious by SIFT. The cohort had no control group, so this records co-occurrence with exceptional longevity, not an association with it; neither direction nor effect size is reported.",,,OR2T35,Exceptional longevity (centenarian/supercentenarian cohort),deleterious-coding,,,,,,unknown,unknown,,,,,OBA:VT0005372,,,,,,,
rs76379993,,,,,A/T,,alt,"ANKRD36C: observed in all 21 long-lived individuals (3 centenarians and 18 supercentenarians aged 110+) and predicted deleterious by SIFT. The cohort had no control group, so this records co-occurrence with exceptional longevity, not an association with it; neither direction nor effect size is reported.",,,ANKRD36C,Exceptional longevity (centenarian/supercentenarian cohort),deleterious-coding,,,,,,unknown,unknown,,,,,OBA:VT0005372,,,,,,,
rs77658288,,,,,A/T,,alt,"ANKRD36C: observed in all 21 long-lived individuals (3 centenarians and 18 supercentenarians aged 110+) and predicted deleterious by SIFT. The cohort had no control group, so this records co-occurrence with exceptional longevity, not an association with it; neither direction nor effect size is reported.",,,ANKRD36C,Exceptional longevity (centenarian/supercentenarian cohort),deleterious-coding,,,,,,unknown,unknown,,,,,OBA:VT0005372,,,,,,,
rs1803155,,,,,A/G,,alt,"AADAC: observed in all 21 long-lived individuals (3 centenarians and 18 supercentenarians aged 110+) and predicted deleterious by SIFT. The cohort had no control group, so this records co-occurrence with exceptional longevity, not an association with it; neither direction nor effect size is reported.",,,AADAC,Exceptional longevity (centenarian/supercentenarian cohort),deleterious-coding,,,,,,unknown,unknown,,,,,OBA:VT0005372,,,,,,,
rs9840993,,,,,A/G,,alt,"MYLK: observed in all 21 long-lived individuals (3 centenarians and 18 supercentenarians aged 110+) and predicted deleterious by SIFT. The cohort had no control group, so this records co-occurrence with exceptional longevity, not an association with it; neither direction nor effect size is reported.",,,MYLK,Exceptional longevity (centenarian/supercentenarian cohort),deleterious-coding,,,,,,unknown,unknown,,,,,OBA:VT0005372,,,,,,,
rs4862653,,,,,A/G,,alt,"FAM149A: observed in all 21 long-lived individuals (3 centenarians and 18 supercentenarians aged 110+) and predicted deleterious by SIFT. The cohort had no control group, so this records co-occurrence with exceptional longevity, not an association with it; neither direction nor effect size is reported.",,,FAM149A,Exceptional longevity (centenarian/supercentenarian cohort),deleterious-coding,,,,,,unknown,unknown,,,,,OBA:VT0005372,,,,,,,
rs58374767,,,,,A/G,,alt,"SLC9B1: observed in all 21 long-lived individuals (3 centenarians and 18 supercentenarians aged 110+) and predicted deleterious by SIFT. The cohort had no control group, so this records co-occurrence with exceptional longevity, not an association with it; neither direction nor effect size is reported.",,,SLC9B1,Exceptional longevity (centenarian/supercentenarian cohort),deleterious-coding,,,,,,unknown,unknown,,,,,OBA:VT0005372,,,,,,,
rs6831040,,,,,C/T,,alt,"BMP3: observed in all 21 long-lived individuals (3 centenarians and 18 supercentenarians aged 110+) and predicted deleterious by SIFT. The cohort had no control group, so this records co-occurrence with exceptional longevity, not an association with it; neither direction nor effect size is reported.",,,BMP3,Exceptional longevity (centenarian/supercentenarian cohort),deleterious-coding,,,,,,unknown,unknown,,,,,OBA:VT0005372,,,,,,,
rs316019,,,,,A/C,,alt,"SLC22A2: observed in all 21 long-lived individuals (3 centenarians and 18 supercentenarians aged 110+) and predicted deleterious by SIFT. The cohort had no control group, so this records co-occurrence with exceptional longevity, not an association with it; neither direction nor effect size is reported.",,,SLC22A2,Exceptional longevity (centenarian/supercentenarian cohort),deleterious-coding,,,,,,unknown,unknown,,,,,OBA:VT0005372,,,,,,,
rs9885913,,,,,A/G,,alt,"PRIM2: observed in all 21 long-lived individuals (3 centenarians and 18 supercentenarians aged 110+) and predicted deleterious by SIFT. The cohort had no control group, so this records co-occurrence with exceptional longevity, not an association with it; neither direction nor effect size is reported.",,,PRIM2,Exceptional longevity (centenarian/supercentenarian cohort),deleterious-coding,,,,,,unknown,unknown,,,,,OBA:VT0005372,,,,,,,
rs9885916,,,,,A/G,,alt,"PRIM2: observed in all 21 long-lived individuals (3 centenarians and 18 supercentenarians aged 110+) and predicted deleterious by SIFT. The cohort had no control group, so this records co-occurrence with exceptional longevity, not an association with it; neither direction nor effect size is reported. This variant is additionally named in the paper as previously associated with longevity in earlier work, on cited references rather than on a test performed here.",,,PRIM2,Exceptional longevity (centenarian/supercentenarian cohort),prior-longevity-association,,,,,,unknown,unknown,,,,,OBA:VT0005372,,,,,,,
rs10454320,,,,,A/T,,alt,"KMT2C: observed in all 21 long-lived individuals (3 centenarians and 18 supercentenarians aged 110+) and predicted deleterious by SIFT. The cohort had no control group, so this records co-occurrence with exceptional longevity, not an association with it; neither direction nor effect size is reported.",,,KMT2C,Exceptional longevity (centenarian/supercentenarian cohort),deleterious-coding,,,,,,unknown,unknown,,,,,OBA:VT0005372,,,,,,,
rs2708912,,,,,C/T,,alt,"C7orf57: observed in all 21 long-lived individuals (3 centenarians and 18 supercentenarians aged 110+) and predicted deleterious by SIFT. The cohort had no control group, so this records co-occurrence with exceptional longevity, not an association with it; neither direction nor effect size is reported.",,,C7orf57,Exceptional longevity (centenarian/supercentenarian cohort),deleterious-coding,,,,,,unknown,unknown,,,,,OBA:VT0005372,,,,,,,
rs4717229,,,,,C/T,,alt,"ERV3-1: observed in all 21 long-lived individuals (3 centenarians and 18 supercentenarians aged 110+) and predicted deleterious by SIFT. The cohort had no control group, so this records co-occurrence with exceptional longevity, not an association with it; neither direction nor effect size is reported.",,,ERV3-1,Exceptional longevity (centenarian/supercentenarian cohort),deleterious-coding,,,,,,unknown,unknown,,,,,OBA:VT0005372,,,,,,,
rs6960270,,,,,C/T,,alt,"GALNTL5: observed in all 21 long-lived individuals (3 centenarians and 18 supercentenarians aged 110+) and predicted deleterious by SIFT. The cohort had no control group, so this records co-occurrence with exceptional longevity, not an association with it; neither direction nor effect size is reported.",,,GALNTL5,Exceptional longevity (centenarian/supercentenarian cohort),deleterious-coding,,,,,,unknown,unknown,,,,,OBA:VT0005372,,,,,,,
rs3847262,,,,,C/T,,alt,"TPD52L3: observed in all 21 long-lived individuals (3 centenarians and 18 supercentenarians aged 110+) and predicted deleterious by SIFT. The cohort had no control group, so this records co-occurrence with exceptional longevity, not an association with it; neither direction nor effect size is reported.",,,TPD52L3,Exceptional longevity (centenarian/supercentenarian cohort),deleterious-coding,,,,,,unknown,unknown,,,,,OBA:VT0005372,,,,,,,
rs4838012,,,,,A/G,,alt,"OR1L6: observed in all 21 long-lived individuals (3 centenarians and 18 supercentenarians aged 110+) and predicted deleterious by SIFT. The cohort had no control group, so this records co-occurrence with exceptional longevity, not an association with it; neither direction nor effect size is reported.",,,OR1L6,Exceptional longevity (centenarian/supercentenarian cohort),deleterious-coding,,,,,,unknown,unknown,,,,,OBA:VT0005372,,,,,,,
rs1889565,,,,,C/T,,alt,"DUSP5: observed in all 21 long-lived individuals (3 centenarians and 18 supercentenarians aged 110+) and predicted deleterious by SIFT. The cohort had no control group, so this records co-occurrence with exceptional longevity, not an association with it; neither direction nor effect size is reported.",,,DUSP5,Exceptional longevity (centenarian/supercentenarian cohort),deleterious-coding,,,,,,unknown,unknown,,,,,OBA:VT0005372,,,,,,,
rs61849494,,,,,C/T,,alt,"TIMM23: observed in all 21 long-lived individuals (3 centenarians and 18 supercentenarians aged 110+) and predicted deleterious by SIFT. The cohort had no control group, so this records co-occurrence with exceptional longevity, not an association with it; neither direction nor effect size is reported. The paper additionally reports this variant at under 1% population frequency in 1000 Genomes and/or gnomAD.",,,TIMM23,Exceptional longevity (centenarian/supercentenarian cohort),rare-deleterious-coding,,,,,,unknown,unknown,,,,,OBA:VT0005372,,,,,,,
rs61849498,,,,,A/G,,alt,"TIMM23: observed in all 21 long-lived individuals (3 centenarians and 18 supercentenarians aged 110+) and predicted deleterious by SIFT. The cohort had no control group, so this records co-occurrence with exceptional longevity, not an association with it; neither direction nor effect size is reported.",,,TIMM23,Exceptional longevity (centenarian/supercentenarian cohort),deleterious-coding,,,,,,unknown,unknown,,,,,OBA:VT0005372,,,,,,,
rs11228733,,,,,C/T,,alt,"OR9G1: observed in all 21 long-lived individuals (3 centenarians and 18 supercentenarians aged 110+) and predicted deleterious by SIFT. The cohort had no control group, so this records co-occurrence with exceptional longevity, not an association with it; neither direction nor effect size is reported. The paper additionally reports this variant at under 1% population frequency in 1000 Genomes and/or gnomAD.",,,OR9G1,Exceptional longevity (centenarian/supercentenarian cohort),rare-deleterious-coding,,,,,,unknown,unknown,,,,,OBA:VT0005372,,,,,,,
rs2857919,,,,,A/G,,alt,"ZNF214: observed in all 21 long-lived individuals (3 centenarians and 18 supercentenarians aged 110+) and predicted deleterious by SIFT. The cohort had no control group, so this records co-occurrence with exceptional longevity, not an association with it; neither direction nor effect size is reported.",,,ZNF214,Exceptional longevity (centenarian/supercentenarian cohort),deleterious-coding,,,,,,unknown,unknown,,,,,OBA:VT0005372,,,,,,,
rs297081,,,,,A/G,,alt,"OR5D18: observed in all 21 long-lived individuals (3 centenarians and 18 supercentenarians aged 110+) and predicted deleterious by SIFT. The cohort had no control group, so this records co-occurrence with exceptional longevity, not an association with it; neither direction nor effect size is reported.",,,OR5D18,Exceptional longevity (centenarian/supercentenarian cohort),deleterious-coding,,,,,,unknown,unknown,,,,,OBA:VT0005372,,,,,,,
rs4237768,,,,,A/G,,alt,"OR52L1: observed in all 21 long-lived individuals (3 centenarians and 18 supercentenarians aged 110+) and predicted deleterious by SIFT. The cohort had no control group, so this records co-occurrence with exceptional longevity, not an association with it; neither direction nor effect size is reported.",,,OR52L1,Exceptional longevity (centenarian/supercentenarian cohort),deleterious-coding,,,,,,unknown,unknown,,,,,OBA:VT0005372,,,,,,,
rs4354673,,,,,G/T,,alt,"OR52L1: observed in all 21 long-lived individuals (3 centenarians and 18 supercentenarians aged 110+) and predicted deleterious by SIFT. The cohort had no control group, so this records co-occurrence with exceptional longevity, not an association with it; neither direction nor effect size is reported.",,,OR52L1,Exceptional longevity (centenarian/supercentenarian cohort),deleterious-coding,,,,,,unknown,unknown,,,,,OBA:VT0005372,,,,,,,
rs73463994,,,,,C/T,,alt,"OR4C3: observed in all 21 long-lived individuals (3 centenarians and 18 supercentenarians aged 110+) and predicted deleterious by SIFT. The cohort had no control group, so this records co-occurrence with exceptional longevity, not an association with it; neither direction nor effect size is reported.",,,OR4C3,Exceptional longevity (centenarian/supercentenarian cohort),deleterious-coding,,,,,,unknown,unknown,,,,,OBA:VT0005372,,,,,,,
rs73464001,,,,,C/T,,alt,"OR4C3: observed in all 21 long-lived individuals (3 centenarians and 18 supercentenarians aged 110+) and predicted deleterious by SIFT. The cohort had no control group, so this records co-occurrence with exceptional longevity, not an association with it; neither direction nor effect size is reported.",,,OR4C3,Exceptional longevity (centenarian/supercentenarian cohort),deleterious-coding,,,,,,unknown,unknown,,,,,OBA:VT0005372,,,,,,,
rs73465911,,,,,G/T,,alt,"OR4C3: observed in all 21 long-lived individuals (3 centenarians and 18 supercentenarians aged 110+) and predicted deleterious by SIFT. The cohort had no control group, so this records co-occurrence with exceptional longevity, not an association with it; neither direction nor effect size is reported.",,,OR4C3,Exceptional longevity (centenarian/supercentenarian cohort),deleterious-coding,,,,,,unknown,unknown,,,,,OBA:VT0005372,,,,,,,
rs74589050,,,,,A/G,,alt,"OR4C3: observed in all 21 long-lived individuals (3 centenarians and 18 supercentenarians aged 110+) and predicted deleterious by SIFT. The cohort had no control group, so this records co-occurrence with exceptional longevity, not an association with it; neither direction nor effect size is reported.",,,OR4C3,Exceptional longevity (centenarian/supercentenarian cohort),deleterious-coding,,,,,,unknown,unknown,,,,,OBA:VT0005372,,,,,,,
rs1110719,,,,,A/T,,alt,"ESPL1: observed in all 21 long-lived individuals (3 centenarians and 18 supercentenarians aged 110+) and predicted deleterious by SIFT. The cohort had no control group, so this records co-occurrence with exceptional longevity, not an association with it; neither direction nor effect size is reported.",,,ESPL1,Exceptional longevity (centenarian/supercentenarian cohort),deleterious-coding,,,,,,unknown,unknown,,,,,OBA:VT0005372,,,,,,,
rs3759301,,,,,C/T,,alt,"KIAA1551: observed in all 21 long-lived individuals (3 centenarians and 18 supercentenarians aged 110+) and predicted deleterious by SIFT. The cohort had no control group, so this records co-occurrence with exceptional longevity, not an association with it; neither direction nor effect size is reported.",,,KIAA1551,Exceptional longevity (centenarian/supercentenarian cohort),deleterious-coding,,,,,,unknown,unknown,,,,,OBA:VT0005372,,,,,,,
rs612593,,,,,C/T,,alt,"CLEC1B: observed in all 21 long-lived individuals (3 centenarians and 18 supercentenarians aged 110+) and predicted deleterious by SIFT. The cohort had no control group, so this records co-occurrence with exceptional longevity, not an association with it; neither direction nor effect size is reported.",,,CLEC1B,Exceptional longevity (centenarian/supercentenarian cohort),deleterious-coding,,,,,,unknown,unknown,,,,,OBA:VT0005372,,,,,,,
rs962976,,,,,A/G,,alt,"MDM1: observed in all 21 long-lived individuals (3 centenarians and 18 supercentenarians aged 110+) and predicted deleterious by SIFT. The cohort had no control group, so this records co-occurrence with exceptional longevity, not an association with it; neither direction nor effect size is reported.",,,MDM1,Exceptional longevity (centenarian/supercentenarian cohort),deleterious-coding,,,,,,unknown,unknown,,,,,OBA:VT0005372,,,,,,,
rs4941543,,,,,C/T,,alt,"LCP1: observed in all 21 long-lived individuals (3 centenarians and 18 supercentenarians aged 110+) and predicted deleterious by SIFT. The cohort had no control group, so this records co-occurrence with exceptional longevity, not an association with it; neither direction nor effect size is reported.",,,LCP1,Exceptional longevity (centenarian/supercentenarian cohort),deleterious-coding,,,,,,unknown,unknown,,,,,OBA:VT0005372,,,,,,,
rs3100906,,,,,A/T,,alt,"NEMF: observed in all 21 long-lived individuals (3 centenarians and 18 supercentenarians aged 110+) and predicted deleterious by SIFT. The cohort had no control group, so this records co-occurrence with exceptional longevity, not an association with it; neither direction nor effect size is reported.",,,NEMF,Exceptional longevity (centenarian/supercentenarian cohort),deleterious-coding,,,,,,unknown,unknown,,,,,OBA:VT0005372,,,,,,,
rs4027402,,,,,C/T,,alt,"SYNE2: observed in all 21 long-lived individuals (3 centenarians and 18 supercentenarians aged 110+) and predicted deleterious by SIFT. The cohort had no control group, so this records co-occurrence with exceptional longevity, not an association with it; neither direction nor effect size is reported.",,,SYNE2,Exceptional longevity (centenarian/supercentenarian cohort),deleterious-coding,,,,,,unknown,unknown,,,,,OBA:VT0005372,,,,,,,
rs4982419,,,,,A/G,,alt,"OR5AU1: observed in all 21 long-lived individuals (3 centenarians and 18 supercentenarians aged 110+) and predicted deleterious by SIFT. The cohort had no control group, so this records co-occurrence with exceptional longevity, not an association with it; neither direction nor effect size is reported.",,,OR5AU1,Exceptional longevity (centenarian/supercentenarian cohort),deleterious-coding,,,,,,unknown,unknown,,,,,OBA:VT0005372,,,,,,,
rs8010911,,,,,C/G,,alt,"SYNE2: observed in all 21 long-lived individuals (3 centenarians and 18 supercentenarians aged 110+) and predicted deleterious by SIFT. The cohort had no control group, so this records co-occurrence with exceptional longevity, not an association with it; neither direction nor effect size is reported.",,,SYNE2,Exceptional longevity (centenarian/supercentenarian cohort),deleterious-coding,,,,,,unknown,unknown,,,,,OBA:VT0005372,,,,,,,
rs2139440,,,,,G/T,,alt,"CRABP1: observed in all 21 long-lived individuals (3 centenarians and 18 supercentenarians aged 110+) and predicted deleterious by SIFT. The cohort had no control group, so this records co-occurrence with exceptional longevity, not an association with it; neither direction nor effect size is reported.",,,CRABP1,Exceptional longevity (centenarian/supercentenarian cohort),deleterious-coding,,,,,,unknown,unknown,,,,,OBA:VT0005372,,,,,,,
rs335689,,,,,A/G,,alt,"UBE2Q2: observed in all 21 long-lived individuals (3 centenarians and 18 supercentenarians aged 110+) and predicted deleterious by SIFT. The cohort had no control group, so this records co-occurrence with exceptional longevity, not an association with it; neither direction nor effect size is reported.",,,UBE2Q2,Exceptional longevity (centenarian/supercentenarian cohort),deleterious-coding,,,,,,unknown,unknown,,,,,OBA:VT0005372,,,,,,,
rs7184427,,,,,A/G,,alt,"PIEZO1: observed in all 21 long-lived individuals (3 centenarians and 18 supercentenarians aged 110+) and predicted deleterious by SIFT. The cohort had no control group, so this records co-occurrence with exceptional longevity, not an association with it; neither direction nor effect size is reported.",,,PIEZO1,Exceptional longevity (centenarian/supercentenarian cohort),deleterious-coding,,,,,,unknown,unknown,,,,,OBA:VT0005372,,,,,,,
rs2363198,,,,,A/G,,alt,"MAP2K3: observed in all 21 long-lived individuals (3 centenarians and 18 supercentenarians aged 110+) and predicted deleterious by SIFT. The cohort had no control group, so this records co-occurrence with exceptional longevity, not an association with it; neither direction nor effect size is reported.",,,MAP2K3,Exceptional longevity (centenarian/supercentenarian cohort),deleterious-coding,,,,,,unknown,unknown,,,,,OBA:VT0005372,,,,,,,
rs6503018,,,,,A/G,,alt,"TNK1: observed in all 21 long-lived individuals (3 centenarians and 18 supercentenarians aged 110+) and predicted deleterious by SIFT. The cohort had no control group, so this records co-occurrence with exceptional longevity, not an association with it; neither direction nor effect size is reported.",,,TNK1,Exceptional longevity (centenarian/supercentenarian cohort),deleterious-coding,,,,,,unknown,unknown,,,,,OBA:VT0005372,,,,,,,
rs7218599,,,,,A/T,,alt,"ASB16: observed in all 21 long-lived individuals (3 centenarians and 18 supercentenarians aged 110+) and predicted deleterious by SIFT. The cohort had no control group, so this records co-occurrence with exceptional longevity, not an association with it; neither direction nor effect size is reported.",,,ASB16,Exceptional longevity (centenarian/supercentenarian cohort),deleterious-coding,,,,,,unknown,unknown,,,,,OBA:VT0005372,,,,,,,
rs7406494,,,,,G/T,,alt,"TSPAN10: observed in all 21 long-lived individuals (3 centenarians and 18 supercentenarians aged 110+) and predicted deleterious by SIFT. The cohort had no control group, so this records co-occurrence with exceptional longevity, not an association with it; neither direction nor effect size is reported.",,,TSPAN10,Exceptional longevity (centenarian/supercentenarian cohort),deleterious-coding,,,,,,unknown,unknown,,,,,OBA:VT0005372,,,,,,,
rs75029097,,,,,A/G,,alt,"KCNJ12: observed in all 21 long-lived individuals (3 centenarians and 18 supercentenarians aged 110+) and predicted deleterious by SIFT. The cohort had no control group, so this records co-occurrence with exceptional longevity, not an association with it; neither direction nor effect size is reported. The paper additionally reports this variant at under 1% population frequency in 1000 Genomes and/or gnomAD.",,,KCNJ12,Exceptional longevity (centenarian/supercentenarian cohort),rare-deleterious-coding,,,,,,unknown,unknown,,,,,OBA:VT0005372,,,,,,,
rs76265595,,,,,A/G,,alt,"KCNJ12: observed in all 21 long-lived individuals (3 centenarians and 18 supercentenarians aged 110+) and predicted deleterious by SIFT. The cohort had no control group, so this records co-occurrence with exceptional longevity, not an association with it; neither direction nor effect size is reported.",,,KCNJ12,Exceptional longevity (centenarian/supercentenarian cohort),deleterious-coding,,,,,,unknown,unknown,,,,,OBA:VT0005372,,,,,,,
rs76684759,,,,,G/T,,alt,"KCNJ12: observed in all 21 long-lived individuals (3 centenarians and 18 supercentenarians aged 110+) and predicted deleterious by SIFT. The cohort had no control group, so this records co-occurrence with exceptional longevity, not an association with it; neither direction nor effect size is reported.",,,KCNJ12,Exceptional longevity (centenarian/supercentenarian cohort),deleterious-coding,,,,,,unknown,unknown,,,,,OBA:VT0005372,,,,,,,
rs1366257,,,,,A/G,,alt,"ZNF534: observed in all 21 long-lived individuals (3 centenarians and 18 supercentenarians aged 110+) and predicted deleterious by SIFT. The cohort had no control group, so this records co-occurrence with exceptional longevity, not an association with it; neither direction nor effect size is reported.",,,ZNF534,Exceptional longevity (centenarian/supercentenarian cohort),deleterious-coding,,,,,,unknown,unknown,,,,,OBA:VT0005372,,,,,,,
rs1366258,,,,,A/C,,alt,"ZNF534: observed in all 21 long-lived individuals (3 centenarians and 18 supercentenarians aged 110+) and predicted deleterious by SIFT. The cohort had no control group, so this records co-occurrence with exceptional longevity, not an association with it; neither direction nor effect size is reported.",,,ZNF534,Exceptional longevity (centenarian/supercentenarian cohort),deleterious-coding,,,,,,unknown,unknown,,,,,OBA:VT0005372,,,,,,,
rs3746319,,,,,A/G,,alt,"ZNF224: observed in all 21 long-lived individuals (3 centenarians and 18 supercentenarians aged 110+) and predicted deleterious by SIFT. The cohort had no control group, so this records co-occurrence with exceptional longevity, not an association with it; neither direction nor effect size is reported.",,,ZNF224,Exceptional longevity (centenarian/supercentenarian cohort),deleterious-coding,,,,,,unknown,unknown,,,,,OBA:VT0005372,,,,,,,
rs439676,,,,,C/T,,alt,"ZNF221: observed in all 21 long-lived individuals (3 centenarians and 18 supercentenarians aged 110+) and predicted deleterious by SIFT. The cohort had no control group, so this records co-occurrence with exceptional longevity, not an association with it; neither direction nor effect size is reported.",,,ZNF221,Exceptional longevity (centenarian/supercentenarian cohort),deleterious-coding,,,,,,unknown,unknown,,,,,OBA:VT0005372,,,,,,,
rs7248674,,,,,C/G,,alt,"ZNF681: observed in all 21 long-lived individuals (3 centenarians and 18 supercentenarians aged 110+) and predicted deleterious by SIFT. The cohort had no control group, so this records co-occurrence with exceptional longevity, not an association with it; neither direction nor effect size is reported.",,,ZNF681,Exceptional longevity (centenarian/supercentenarian cohort),deleterious-coding,,,,,,unknown,unknown,,,,,OBA:VT0005372,,,,,,,
rs76328545,,,,,C/T,,alt,"ZNF676: observed in all 21 long-lived individuals (3 centenarians and 18 supercentenarians aged 110+) and predicted deleterious by SIFT. The cohort had no control group, so this records co-occurrence with exceptional longevity, not an association with it; neither direction nor effect size is reported.",,,ZNF676,Exceptional longevity (centenarian/supercentenarian cohort),deleterious-coding,,,,,,unknown,unknown,,,,,OBA:VT0005372,,,,,,,
rs584855,,,,,A/G,,alt,"ANKRD60: observed in all 21 long-lived individuals (3 centenarians and 18 supercentenarians aged 110+) and predicted deleterious by SIFT. The cohort had no control group, so this records co-occurrence with exceptional longevity, not an association with it; neither direction nor effect size is reported.",,,ANKRD60,Exceptional longevity (centenarian/supercentenarian cohort),deleterious-coding,,,,,,unknown,unknown,,,,,OBA:VT0005372,,,,,,,
rs74765991,,,,,G/T,,alt,"FRG1B: observed in all 21 long-lived individuals (3 centenarians and 18 supercentenarians aged 110+) and predicted deleterious by SIFT. The cohort had no control group, so this records co-occurrence with exceptional longevity, not an association with it; neither direction nor effect size is reported.",,,FRG1B,Exceptional longevity (centenarian/supercentenarian cohort),deleterious-coding,,,,,,unknown,unknown,,,,,OBA:VT0005372,,,,,,,
