variant_key,rsid,chrom,start,ref,alts,genome_build,locus_index,vrs_id,vrs_spec,caid,source,authority,status,rsid_alternates,rsid_current,rsid_status,fetched_at
rs1209730474,rs1209730474,6,87521474,A,T,GRCh38,0,ga4gh:VA.PG6xQnRZyg3b9xcK0ccrVE7zErBx3lNW,2.0,,ensembl-rest,ensembl,resolved,,,live,
rs141426527,rs141426527,1,158257016,C,"G,T",GRCh38,0,"ga4gh:VA.MB8vce5VWHyC80GzcgKkP_AB6AmWLzpo,ga4gh:VA.cN-OXYIJ4zR-UjlS5l0M1zZoP6HxIlCk",2.0,,cache,ensembl,resolved,,,live,
rs143389605,rs143389605,6,87548600,T,C,GRCh38,0,ga4gh:VA.GvoOjyinbwnWdfSUz3tWffSZBtyEt4br,2.0,,clinvar,clinvar,resolved,,,live,
rs146711285,rs146711285,19,6754157,G,"A,C",GRCh38,0,"ga4gh:VA.U4NtCRWsfNcQuV8hghI8J2w8XovlA1zS,ga4gh:VA.Oj8qt5Kdq5cicowK8x4qQVIKpog8pOgQ",2.0,,ensembl-rest,ensembl,resolved,,,live,
rs151230291,rs151230291,1,153777833,C,T,GRCh38,0,ga4gh:VA.-4v_TX6-FlfzoXvq4ps7Ke5-rF9_xnIj,2.0,,cache,ensembl,resolved,,,live,
rs200818241,rs200818241,6,73425441,T,A,GRCh38,0,ga4gh:VA.lvlCNfc7g9Q5ertgceIPBCiCm1_XYtOA,2.0,,ensembl-rest,ensembl,resolved,,,live,
rs2802292,rs2802292,6,108587315,G,T,GRCh38,0,ga4gh:VA.fpT7pxOvs4veTsG7gQcATmU5FexrdQV2,2.0,,clinvar,clinvar,resolved,,,live,
rs372893802,rs372893802,6,82223575,C,"G,T",GRCh38,0,"ga4gh:VA.EE52CRpkdVfZjYpEPuCrE3y8NVszDlt9,ga4gh:VA.A3_7-sebqkm3ckD7w8GtrayNt7uC8ek_",2.0,,ensembl-rest,ensembl,resolved,,,live,
rs372893802,rs372893802,HG2072_PATCH,83187,C,"G,T",GRCh38,1,,,,ensembl-rest,ensembl,resolved,,,live,
rs429358,rs429358,19,44908684,T,C,GRCh38,0,ga4gh:VA.NsWfIPdbQ9LWo4Z5f9lIhMW87kZCtrEc,2.0,,clinvar,clinvar,resolved,,,live,
rs535256255,rs535256255,1,153778173,C,T,GRCh38,0,ga4gh:VA.q2N2EsgdGZCPdS5ACSjrL59m2LU8E6Qq,2.0,,cache,ensembl,resolved,,,live,
rs61745123,rs61745123,6,82214594,C,A,GRCh38,0,ga4gh:VA.R_FmwlJEEr1yjKwaNrXMODHtXGWhOILL,2.0,,ensembl-rest,ensembl,resolved,,,live,
rs61745123,rs61745123,HG2072_PATCH,74206,C,A,GRCh38,1,,,,ensembl-rest,ensembl,resolved,,,live,
rs7412,rs7412,19,44908822,C,T,GRCh38,0,ga4gh:VA.0AePZIWZUNsUlQTamyLrjm2HWUw2opLt,2.0,,clinvar,clinvar,resolved,,,live,
rs758447806,rs758447806,1,154117877,C,T,GRCh38,0,ga4gh:VA.PvNGAOHBJHjlGmUkkGmkJFjwU3IeQ4_B,2.0,,cache,ensembl,resolved,,,live,
