rsid,gene,genotype,state,direction,effect_allele,weight,stat_significance,category,phenotype,trait_efo_id,conclusion,negatives
rs429358,APOE,C/C,risk,risk,C,-0.6,significant,APOE locus,Human longevity / healthy aging,OBA_VT0005372,"Two copies of the APOE rs429358 C allele. In the 2026 cross-trait analysis of the largest longevity GWAS meta-analysis this variant is the shared causal signal at the TOMM40/APOE/APOC1 cluster, and the ApoE e4 allele it defines is associated with a lower likelihood of surviving past the 90th survival percentile; a 2026 case-control study of disease-free Super Seniors found reduced odds of healthy aging in e4 carriers. Which APOE isoform you actually carry depends on rs7412 as well as this site, so read the two rows together. A population-level association, not a prediction about one person, and not medical advice.",
rs429358,APOE,C/T,risk,risk,C,-0.3,significant,APOE locus,Human longevity / healthy aging,OBA_VT0005372,One copy of the APOE rs429358 C allele. The reported association with lower odds of longevity and of disease-free survival past 85 is intermediate between the two homozygous genotypes. Isoform assignment also depends on rs7412.,
rs429358,APOE,T/T,neutral,neutral,C,0.0,significant,APOE locus,Human longevity / healthy aging,OBA_VT0005372,"No copy of the APOE rs429358 C allele, so no ApoE e4 allele from this site. This is the more common genotype in most populations and carries no e4 longevity signal. It says nothing about the e2 allele, which is read at rs7412.",
rs7412,APOE,T/T,protective,protective,T,0.5,significant,APOE locus,Human longevity / healthy aging,OBA_VT0005372,"Two copies of the APOE rs7412 T allele, the ApoE e2-determining allele. A 2026 cross-trait genetic analysis reports this variant as acting opposite to e4 on longevity, and a 2025 analysis identified the alternative C allele as the most prominent variant limiting extreme human longevity. An association at population scale, not a forecast for one person.","ApoE e2 homozygosity is the usual genetic background of familial type III hyperlipoproteinaemia, a lipid disorder that needs a second trigger to become manifest; ClinVar carries rs7412 under that condition with an expert-panel review status. A longevity-favourable allele here is not favourable for every outcome."
rs7412,APOE,C/T,protective,protective,T,0.25,significant,APOE locus,Human longevity / healthy aging,OBA_VT0005372,One copy of the APOE rs7412 T (e2-determining) allele. The reported longevity-favourable direction is intermediate between the two homozygous genotypes.,
rs7412,APOE,C/C,neutral,neutral,T,0.0,significant,APOE locus,Human longevity / healthy aging,OBA_VT0005372,"No copy of the APOE rs7412 T allele, so no ApoE e2 allele. This is the most common genotype at this position; it is the reference state rather than an adverse finding, although the 2025 analysis cited here frames the C allele as the one limiting extreme longevity. Whether an e4 allele is present is read at rs429358.",
rs2802292,FOXO3,G/G,protective,protective,G,0.4,significant,FOXO3 locus,Human longevity / healthy aging,OBA_VT0005372,"Two copies of the FOXO3 rs2802292 G allele. FOXO3 is one of the few longevity loci confirmed at genome-wide significance across independent GWAS meta-analyses; a 2026 GWAS of disease-free Super Seniors found this variant among FOXO3 variants nominally associated with increased odds of healthy aging, mainly in women, and a 2025 Southern Italian cohort study reported a protective effect of the G allele. The effect on one person's lifespan is small and heavily modified by everything that is not genetic.",
rs2802292,FOXO3,G/T,protective,protective,G,0.2,significant,FOXO3 locus,Human longevity / healthy aging,OBA_VT0005372,One copy of the FOXO3 rs2802292 G allele. The reported longevity-favourable direction is intermediate between the two homozygous genotypes.,
rs2802292,FOXO3,T/T,neutral,neutral,G,0.0,significant,FOXO3 locus,Human longevity / healthy aging,OBA_VT0005372,No copy of the FOXO3 rs2802292 G allele. This genotype carries no FOXO3 longevity signal from this position and implies nothing about the rest of the locus or the many other variants that influence how long people live.,
rs200818241,CGAS,A/T,protective,protective,,0.2,suggestive,Rare familial-longevity candidates (preprint),Human longevity / healthy aging,OBA_VT0005372,"Carrier of the CGAS missense variant highlighted as the headline finding of the study: it was present in two independent long-lived sibships, was more frequent in long-lived individuals than in controls, and in human and mouse cell models reduced cGAS protein stability, damped canonical cGAS-STING activation, mitigated inflammation and delayed cellular senescence. Reported in a December 2025 bioRxiv preprint that ran affected sib-pair linkage analysis in 212 sibships enriched for ancestral longevity and prioritised 12 rare protein-altering variants in seven genes inside the linked regions. The direction recorded here rests on that functional work plus the case-control enrichment, and the weight is deliberately small: the source is a preprint, the variant is rare, and no independent replication or effect estimate is available.",
rs146711285,SH2D3A,C/G,alt,unknown,,,suggestive,Rare familial-longevity candidates (preprint),Human longevity / healthy aging,OBA_VT0005372,"Carrier of a rare SH2D3A missense variant in the 19p13.3 linkage region. Like the CGAS variant it was seen in two independent long-lived sibships, and it was more frequent in long-lived individuals than in controls in that sample. Reported in a December 2025 bioRxiv preprint that ran affected sib-pair linkage analysis in 212 sibships enriched for ancestral longevity and prioritised 12 rare protein-altering variants in seven genes inside the linked regions. That work is not peer reviewed, the variant is rare, and no replication or effect estimate is available, so this row records a candidate finding and asserts no direction of effect.",
rs758447806,NUP210L,C/T,alt,unknown,,,suggestive,Rare familial-longevity candidates (preprint),Human longevity / healthy aging,OBA_VT0005372,"Carrier of a rare NUP210L missense variant in the 1q21 linkage region. Reported in a December 2025 bioRxiv preprint that ran affected sib-pair linkage analysis in 212 sibships enriched for ancestral longevity and prioritised 12 rare protein-altering variants in seven genes inside the linked regions. That work is not peer reviewed, the variant is rare, and no replication or effect estimate is available, so this row records a candidate finding and asserts no direction of effect.",
rs535256255,SLC27A3,C/T,alt,unknown,,,suggestive,Rare familial-longevity candidates (preprint),Human longevity / healthy aging,OBA_VT0005372,"Carrier of a rare SLC27A3 missense variant in the 1q21 linkage region. Reported in a December 2025 bioRxiv preprint that ran affected sib-pair linkage analysis in 212 sibships enriched for ancestral longevity and prioritised 12 rare protein-altering variants in seven genes inside the linked regions. That work is not peer reviewed, the variant is rare, and no replication or effect estimate is available, so this row records a candidate finding and asserts no direction of effect.",
rs151230291,SLC27A3,C/T,alt,unknown,,,suggestive,Rare familial-longevity candidates (preprint),Human longevity / healthy aging,OBA_VT0005372,"Carrier of a second rare SLC27A3 missense variant in the 1q21 linkage region; it is a distinct position from rs535256255 and the two are listed separately. Reported in a December 2025 bioRxiv preprint that ran affected sib-pair linkage analysis in 212 sibships enriched for ancestral longevity and prioritised 12 rare protein-altering variants in seven genes inside the linked regions. That work is not peer reviewed, the variant is rare, and no replication or effect estimate is available, so this row records a candidate finding and asserts no direction of effect.",
rs141426527,CD1A,C/T,alt,unknown,,,suggestive,Rare familial-longevity candidates (preprint),Human longevity / healthy aging,OBA_VT0005372,"Carrier of a rare CD1A missense variant in the 1q23.1 region. Reported in a December 2025 bioRxiv preprint that ran affected sib-pair linkage analysis in 212 sibships enriched for ancestral longevity and prioritised 12 rare protein-altering variants in seven genes inside the linked regions. That work is not peer reviewed, the variant is rare, and no replication or effect estimate is available, so this row records a candidate finding and asserts no direction of effect.",
rs372893802,IBTK,C/T,alt,unknown,,,suggestive,Rare familial-longevity candidates (preprint),Human longevity / healthy aging,OBA_VT0005372,"Carrier of a rare IBTK missense variant in the 6q14.1 linkage region. Reported in a December 2025 bioRxiv preprint that ran affected sib-pair linkage analysis in 212 sibships enriched for ancestral longevity and prioritised 12 rare protein-altering variants in seven genes inside the linked regions. That work is not peer reviewed, the variant is rare, and no replication or effect estimate is available, so this row records a candidate finding and asserts no direction of effect.",
rs61745123,IBTK,A/C,alt,unknown,,,suggestive,Rare familial-longevity candidates (preprint),Human longevity / healthy aging,OBA_VT0005372,"Carrier of a second rare IBTK missense variant; it is a distinct position from rs372893802 and the two are listed separately. Reported in a December 2025 bioRxiv preprint that ran affected sib-pair linkage analysis in 212 sibships enriched for ancestral longevity and prioritised 12 rare protein-altering variants in seven genes inside the linked regions. That work is not peer reviewed, the variant is rare, and no replication or effect estimate is available, so this row records a candidate finding and asserts no direction of effect.",
rs1209730474,RARS2,A/T,alt,unknown,,,suggestive,Rare familial-longevity candidates (preprint),Human longevity / healthy aging,OBA_VT0005372,"Carrier of a rare RARS2 missense variant in the 6q15 region, the highest-scoring of the prioritised set on the study's in-silico deleteriousness measure. Reported in a December 2025 bioRxiv preprint that ran affected sib-pair linkage analysis in 212 sibships enriched for ancestral longevity and prioritised 12 rare protein-altering variants in seven genes inside the linked regions. That work is not peer reviewed, the variant is rare, and no replication or effect estimate is available, so this row records a candidate finding and asserts no direction of effect.",
rs143389605,RARS2,C/T,alt,unknown,,,suggestive,Rare familial-longevity candidates (preprint),Human longevity / healthy aging,OBA_VT0005372,"Carrier of a second rare RARS2 missense variant. Independently of the longevity work, ClinVar holds this position under pontocerebellar hypoplasia type 6 with conflicting classifications, so the same allele appears in two unrelated literatures and neither reading settles the other. Reported in a December 2025 bioRxiv preprint that ran affected sib-pair linkage analysis in 212 sibships enriched for ancestral longevity and prioritised 12 rare protein-altering variants in seven genes inside the linked regions. That work is not peer reviewed, the variant is rare, and no replication or effect estimate is available, so this row records a candidate finding and asserts no direction of effect.",
